{
    "src/addons/QuestionThreads/addon.json": "2896c6ad116b41923ba1a2ea098c85ff4267ee810c9abe81cf385d7d7661358d",
    "src/addons/QuestionThreads/Entity/BestAnswer.php": "4d7f3b86dde854bf8ce91fcea426e3b702814c55c87eb4a6e89166901925d16f",
    "src/addons/QuestionThreads/Job/AlertWatchers.php": "85e18a813a3042a1927a773228a871e171e48ed88bb05b44a436b56ae2f473d0",
    "src/addons/QuestionThreads/Job/ConvertForumThreads.php": "d692105a98cf44f6a34ca4ced4bb6f4ecae27ee04d64d682285ba8c317f73bf6",
    "src/addons/QuestionThreads/Job/RebuildBestAnswerCounts.php": "98955f5ba98380d42261ff92f66572e345e02c25f71c87dc3c6f64ec0905ecbc",
    "src/addons/QuestionThreads/MemberStat/BestAnswers.php": "21777fd5e2c39e5d3bf5b2f23eb2ff6d3227fc0627e9ea951bcd33bfb8bfa1a9",
    "src/addons/QuestionThreads/Repository/BestAnswer.php": "e106e9afd812da23acdb1a09774787b31f8623e971e8d4616cebb95f5049eda7",
    "src/addons/QuestionThreads/Repository/Forum.php": "8f94dace220985e045b21feb5fe1a5ec52d96e648d4236069f46c076f9a1c526",
    "src/addons/QuestionThreads/Repository/Thread.php": "c1fb3fa7d0f50aa45af01b724737f979e1ce9dfdc09b03d01dafa358a88839b6",
    "src/addons/QuestionThreads/Setup.php": "ed8a80c707c83e1930a0bd7a408897916ff6dc055ce17ac0f2852c8f277d767d",
    "src/addons/QuestionThreads/XF/Admin/Controller/Forum.php": "97146788e891c22f4b1751505c2416597a29eb3f7f823efa6fbd88abd2d7dc40",
    "src/addons/QuestionThreads/XF/Criteria/User.php": "ad35de70ae3dcfccb848384a013cfca2d16bc6bb010b2f4286617c5f8d7202c5",
    "src/addons/QuestionThreads/XF/Entity/Forum.php": "41146049f509312d78a0b18e6b1819c1cd355db4359faa7a6d02fe42e3e7c83f",
    "src/addons/QuestionThreads/XF/Entity/Post.php": "364f3632581d88ee7d8088aa12b35c6ddeecc2ffe7c4df1baae9488eda8d6237",
    "src/addons/QuestionThreads/XF/Entity/Thread.php": "fd02f467b5bf2b6fb273f4de0087cf3cc503de6a4fd343abcf5b734dd8100a31",
    "src/addons/QuestionThreads/XF/Entity/User.php": "a39c4155ed03c3a31488f82e2dfc786758b9b7a21dc309344584f853e6806188",
    "src/addons/QuestionThreads/XF/InlineMod/Thread/Merge.php": "75f85a2385e3ac9a4d4c2ef23f4b9f83b603fc777e22af9fc4beae6bb03b3fb1",
    "src/addons/QuestionThreads/XF/Pub/Controller/Forum.php": "f559f51ba8f6c15d9af0744b154dac25a8b77f758eb8d3793ab5822627251322",
    "src/addons/QuestionThreads/XF/Pub/Controller/Member.php": "72c459c4bb8f24ec4783e5e1897f2dd4107da1e6f56cd55b58cfa3bd9746e1be",
    "src/addons/QuestionThreads/XF/Pub/Controller/Post.php": "94461f29320bf305684672d7fc2913b073548e7cebfa768653ebc424c40e9f0a",
    "src/addons/QuestionThreads/XF/Pub/Controller/Thread.php": "688b9cd1e8002a989053fbee66e00c9a0d4dcb61b672671b1f16e841a9a1a84d",
    "src/addons/QuestionThreads/_data/admin_navigation.xml": "064ec797484ac00d5ee37367b50b06846d11f480d00550997712707f8fdac8c0",
    "src/addons/QuestionThreads/_data/admin_permission.xml": "ec6fb97cebf0bceb24f1ed1d5778c1db54eeb7535fbb3e31d824840e7aa9ff87",
    "src/addons/QuestionThreads/_data/advertising_positions.xml": "d2f7cbe844bb1df3cf878d22ff6306249245c8ff6b0b87b9b729744bec538261",
    "src/addons/QuestionThreads/_data/api_scopes.xml": "6793eaf758f140e8137187ba20e65f4faccf53410433ae3ad7a8b3b38cb6b3b7",
    "src/addons/QuestionThreads/_data/bb_codes.xml": "faa4ddd5f4a365e5ac39aebdcbe2d25aedf74e7eb9ea4a812766e2fd5e13bdb1",
    "src/addons/QuestionThreads/_data/bb_code_media_sites.xml": "29762987990187b33e43cfb68c08dc917b2d3f0176613d78f8e6c453f82da3f3",
    "src/addons/QuestionThreads/_data/class_extensions.xml": "a7ffff1d9e375539df6322aeebd58697d88100c7f053cca43590609790e5a708",
    "src/addons/QuestionThreads/_data/code_events.xml": "8370dec3df47f91df4cf79da253446ad11b29f4ea568fe76c774e97a0379f0eb",
    "src/addons/QuestionThreads/_data/code_event_listeners.xml": "d6b5072f4909dee7a20ee9e44b163f95c8aa52e6ac7f573e292000cd9238c331",
    "src/addons/QuestionThreads/_data/content_type_fields.xml": "c7ad5472b28f465b7ac7617627707eba1b7a39d28089460d52e1ed292fc0b06a",
    "src/addons/QuestionThreads/_data/cron.xml": "323c4284742ef24329cd6db6f288eb9736d2353f36852e1db12591e1583aea26",
    "src/addons/QuestionThreads/_data/help_pages.xml": "a8a0c0b06cdc550438bc8a8d385af3e1e5ab3459877dfb934c1c31be59c89163",
    "src/addons/QuestionThreads/_data/member_stats.xml": "eaa165eb4bb4c2acdbb8c14bf637a6158e4941af9f05bd7fbdba727a888d73cf",
    "src/addons/QuestionThreads/_data/navigation.xml": "f75e1c03a45a360bbdfcd0567121665082315068475d5b0feb8b1acbb1688651",
    "src/addons/QuestionThreads/_data/options.xml": "77df5678ee82381ce033d9c4e94034796c9ddf765b3ef5f350509f7535abb716",
    "src/addons/QuestionThreads/_data/option_groups.xml": "02f54bdac61752428a3307f1b39f69de7cd3a1423cdf1d1a58ab25730aa826e4",
    "src/addons/QuestionThreads/_data/permissions.xml": "9612f94a8670d0966a91f566e9cf1f125699d56f9fe054fbb2af7d0543845e63",
    "src/addons/QuestionThreads/_data/permission_interface_groups.xml": "9769b9b231d3bcd7816a8204f02e7403019b94ca2d5371939449e8d161de2559",
    "src/addons/QuestionThreads/_data/phrases.xml": "587d2ce185eb82633531ac15f663d8e53b8919a6bc669a619638a5e0d5af60b1",
    "src/addons/QuestionThreads/_data/routes.xml": "550fa64f9feedf137dd877b38c2684f94474619d2d83890dbb717a91b50da8f5",
    "src/addons/QuestionThreads/_data/style_properties.xml": "f02d72c219fdb18dd4da60702dc4592f30d262ce05d250842a49334004e37628",
    "src/addons/QuestionThreads/_data/style_property_groups.xml": "d231b6076671d500b07d515589e69616e46332095727046b512579eca49ec813",
    "src/addons/QuestionThreads/_data/templates.xml": "9e25114a7e1492f59c926f120cff68bd6b6339ba8a391600de01eb15ec5606b7",
    "src/addons/QuestionThreads/_data/template_modifications.xml": "decfc2e41217795b9ba654dc62278526d8cad096a74496c223420fd2b8f052cd",
    "src/addons/QuestionThreads/_data/widget_definitions.xml": "37e46965256430f24004c2e7f08ba08f9b0d1cbcc4d70e84b3f4e3ffb713e64b",
    "src/addons/QuestionThreads/_data/widget_positions.xml": "a29cee66134f6bc5d75ed9df1eef21096c24401915c5b5c774389c3d7bb2d5b3"
}